mach,cg_m,cn_alpha_body,cn_alpha_fins,cn_alpha_total,x_cp_m,static_margin_cal,regime_flag
0.50,1.4000,3.554975,0.000000,3.554975,1.101909,-1.490453,OUT_OF_METHOD_REGIME
0.50,1.4500,3.554975,0.000000,3.554975,1.101909,-1.740453,OUT_OF_METHOD_REGIME
0.50,1.5000,3.554975,0.000000,3.554975,1.101909,-1.990453,OUT_OF_METHOD_REGIME
0.50,1.5500,3.554975,0.000000,3.554975,1.101909,-2.240453,OUT_OF_METHOD_REGIME
0.50,1.6000,3.554975,0.000000,3.554975,1.101909,-2.490453,OUT_OF_METHOD_REGIME
0.50,1.6500,3.554975,0.000000,3.554975,1.101909,-2.740453,OUT_OF_METHOD_REGIME
0.50,1.7000,3.554975,0.000000,3.554975,1.101909,-2.990453,OUT_OF_METHOD_REGIME
0.50,1.7500,3.554975,0.000000,3.554975,1.101909,-3.240453,OUT_OF_METHOD_REGIME
0.50,1.8000,3.554975,0.000000,3.554975,1.101909,-3.490453,OUT_OF_METHOD_REGIME
0.50,1.8500,3.554975,0.000000,3.554975,1.101909,-3.740453,OUT_OF_METHOD_REGIME
0.50,1.9000,3.554975,0.000000,3.554975,1.101909,-3.990453,OUT_OF_METHOD_REGIME
0.50,1.9500,3.554975,0.000000,3.554975,1.101909,-4.240453,OUT_OF_METHOD_REGIME
0.50,2.0000,3.554975,0.000000,3.554975,1.101909,-4.490453,OUT_OF_METHOD_REGIME
0.50,2.0500,3.554975,0.000000,3.554975,1.101909,-4.740453,OUT_OF_METHOD_REGIME
0.50,2.1000,3.554975,0.000000,3.554975,1.101909,-4.990453,OUT_OF_METHOD_REGIME
0.50,2.1500,3.554975,0.000000,3.554975,1.101909,-5.240453,OUT_OF_METHOD_REGIME
0.50,2.2000,3.554975,0.000000,3.554975,1.101909,-5.490453,OUT_OF_METHOD_REGIME
0.80,1.4000,3.554975,0.000000,3.554975,1.101909,-1.490453,OUT_OF_METHOD_REGIME
0.80,1.4500,3.554975,0.000000,3.554975,1.101909,-1.740453,OUT_OF_METHOD_REGIME
0.80,1.5000,3.554975,0.000000,3.554975,1.101909,-1.990453,OUT_OF_METHOD_REGIME
0.80,1.5500,3.554975,0.000000,3.554975,1.101909,-2.240453,OUT_OF_METHOD_REGIME
0.80,1.6000,3.554975,0.000000,3.554975,1.101909,-2.490453,OUT_OF_METHOD_REGIME
0.80,1.6500,3.554975,0.000000,3.554975,1.101909,-2.740453,OUT_OF_METHOD_REGIME
0.80,1.7000,3.554975,0.000000,3.554975,1.101909,-2.990453,OUT_OF_METHOD_REGIME
0.80,1.7500,3.554975,0.000000,3.554975,1.101909,-3.240453,OUT_OF_METHOD_REGIME
0.80,1.8000,3.554975,0.000000,3.554975,1.101909,-3.490453,OUT_OF_METHOD_REGIME
0.80,1.8500,3.554975,0.000000,3.554975,1.101909,-3.740453,OUT_OF_METHOD_REGIME
0.80,1.9000,3.554975,0.000000,3.554975,1.101909,-3.990453,OUT_OF_METHOD_REGIME
0.80,1.9500,3.554975,0.000000,3.554975,1.101909,-4.240453,OUT_OF_METHOD_REGIME
0.80,2.0000,3.554975,0.000000,3.554975,1.101909,-4.490453,OUT_OF_METHOD_REGIME
0.80,2.0500,3.554975,0.000000,3.554975,1.101909,-4.740453,OUT_OF_METHOD_REGIME
0.80,2.1000,3.554975,0.000000,3.554975,1.101909,-4.990453,OUT_OF_METHOD_REGIME
0.80,2.1500,3.554975,0.000000,3.554975,1.101909,-5.240453,OUT_OF_METHOD_REGIME
0.80,2.2000,3.554975,0.000000,3.554975,1.101909,-5.490453,OUT_OF_METHOD_REGIME
1.00,1.4000,3.554975,0.000000,3.554975,1.101909,-1.490453,OUT_OF_METHOD_REGIME
1.00,1.4500,3.554975,0.000000,3.554975,1.101909,-1.740453,OUT_OF_METHOD_REGIME
1.00,1.5000,3.554975,0.000000,3.554975,1.101909,-1.990453,OUT_OF_METHOD_REGIME
1.00,1.5500,3.554975,0.000000,3.554975,1.101909,-2.240453,OUT_OF_METHOD_REGIME
1.00,1.6000,3.554975,0.000000,3.554975,1.101909,-2.490453,OUT_OF_METHOD_REGIME
1.00,1.6500,3.554975,0.000000,3.554975,1.101909,-2.740453,OUT_OF_METHOD_REGIME
1.00,1.7000,3.554975,0.000000,3.554975,1.101909,-2.990453,OUT_OF_METHOD_REGIME
1.00,1.7500,3.554975,0.000000,3.554975,1.101909,-3.240453,OUT_OF_METHOD_REGIME
1.00,1.8000,3.554975,0.000000,3.554975,1.101909,-3.490453,OUT_OF_METHOD_REGIME
1.00,1.8500,3.554975,0.000000,3.554975,1.101909,-3.740453,OUT_OF_METHOD_REGIME
1.00,1.9000,3.554975,0.000000,3.554975,1.101909,-3.990453,OUT_OF_METHOD_REGIME
1.00,1.9500,3.554975,0.000000,3.554975,1.101909,-4.240453,OUT_OF_METHOD_REGIME
1.00,2.0000,3.554975,0.000000,3.554975,1.101909,-4.490453,OUT_OF_METHOD_REGIME
1.00,2.0500,3.554975,0.000000,3.554975,1.101909,-4.740453,OUT_OF_METHOD_REGIME
1.00,2.1000,3.554975,0.000000,3.554975,1.101909,-4.990453,OUT_OF_METHOD_REGIME
1.00,2.1500,3.554975,0.000000,3.554975,1.101909,-5.240453,OUT_OF_METHOD_REGIME
1.00,2.2000,3.554975,0.000000,3.554975,1.101909,-5.490453,OUT_OF_METHOD_REGIME
1.20,1.4000,3.554975,65.272579,68.827554,4.253601,14.268006,VALID
1.20,1.4500,3.554975,65.272579,68.827554,4.253601,14.018006,VALID
1.20,1.5000,3.554975,65.272579,68.827554,4.253601,13.768006,VALID
1.20,1.5500,3.554975,65.272579,68.827554,4.253601,13.518006,VALID
1.20,1.6000,3.554975,65.272579,68.827554,4.253601,13.268006,VALID
1.20,1.6500,3.554975,65.272579,68.827554,4.253601,13.018006,VALID
1.20,1.7000,3.554975,65.272579,68.827554,4.253601,12.768006,VALID
1.20,1.7500,3.554975,65.272579,68.827554,4.253601,12.518006,VALID
1.20,1.8000,3.554975,65.272579,68.827554,4.253601,12.268006,VALID
1.20,1.8500,3.554975,65.272579,68.827554,4.253601,12.018006,VALID
1.20,1.9000,3.554975,65.272579,68.827554,4.253601,11.768006,VALID
1.20,1.9500,3.554975,65.272579,68.827554,4.253601,11.518006,VALID
1.20,2.0000,3.554975,65.272579,68.827554,4.253601,11.268006,VALID
1.20,2.0500,3.554975,65.272579,68.827554,4.253601,11.018006,VALID
1.20,2.1000,3.554975,65.272579,68.827554,4.253601,10.768006,VALID
1.20,2.1500,3.554975,65.272579,68.827554,4.253601,10.518006,VALID
1.20,2.2000,3.554975,65.272579,68.827554,4.253601,10.268006,VALID
1.50,1.4000,3.554975,43.762695,47.317670,4.175571,13.877853,VALID
1.50,1.4500,3.554975,43.762695,47.317670,4.175571,13.627853,VALID
1.50,1.5000,3.554975,43.762695,47.317670,4.175571,13.377853,VALID
1.50,1.5500,3.554975,43.762695,47.317670,4.175571,13.127853,VALID
1.50,1.6000,3.554975,43.762695,47.317670,4.175571,12.877853,VALID
1.50,1.6500,3.554975,43.762695,47.317670,4.175571,12.627853,VALID
1.50,1.7000,3.554975,43.762695,47.317670,4.175571,12.377853,VALID
1.50,1.7500,3.554975,43.762695,47.317670,4.175571,12.127853,VALID
1.50,1.8000,3.554975,43.762695,47.317670,4.175571,11.877853,VALID
1.50,1.8500,3.554975,43.762695,47.317670,4.175571,11.627853,VALID
1.50,1.9000,3.554975,43.762695,47.317670,4.175571,11.377853,VALID
1.50,1.9500,3.554975,43.762695,47.317670,4.175571,11.127853,VALID
1.50,2.0000,3.554975,43.762695,47.317670,4.175571,10.877853,VALID
1.50,2.0500,3.554975,43.762695,47.317670,4.175571,10.627853,VALID
1.50,2.1000,3.554975,43.762695,47.317670,4.175571,10.377853,VALID
1.50,2.1500,3.554975,43.762695,47.317670,4.175571,10.127853,VALID
1.50,2.2000,3.554975,43.762695,47.317670,4.175571,9.877853,VALID
2.00,1.4000,3.554975,29.930042,33.485017,4.072427,13.362134,VALID
2.00,1.4500,3.554975,29.930042,33.485017,4.072427,13.112134,VALID
2.00,1.5000,3.554975,29.930042,33.485017,4.072427,12.862134,VALID
2.00,1.5500,3.554975,29.930042,33.485017,4.072427,12.612134,VALID
2.00,1.6000,3.554975,29.930042,33.485017,4.072427,12.362134,VALID
2.00,1.6500,3.554975,29.930042,33.485017,4.072427,12.112134,VALID
2.00,1.7000,3.554975,29.930042,33.485017,4.072427,11.862134,VALID
2.00,1.7500,3.554975,29.930042,33.485017,4.072427,11.612134,VALID
2.00,1.8000,3.554975,29.930042,33.485017,4.072427,11.362134,VALID
2.00,1.8500,3.554975,29.930042,33.485017,4.072427,11.112134,VALID
2.00,1.9000,3.554975,29.930042,33.485017,4.072427,10.862134,VALID
2.00,1.9500,3.554975,29.930042,33.485017,4.072427,10.612134,VALID
2.00,2.0000,3.554975,29.930042,33.485017,4.072427,10.362134,VALID
2.00,2.0500,3.554975,29.930042,33.485017,4.072427,10.112134,VALID
2.00,2.1000,3.554975,29.930042,33.485017,4.072427,9.862134,VALID
2.00,2.1500,3.554975,29.930042,33.485017,4.072427,9.612134,VALID
2.00,2.2000,3.554975,29.930042,33.485017,4.072427,9.362134,VALID
2.50,1.4000,3.554975,23.189829,26.744804,3.983508,12.917538,VALID
2.50,1.4500,3.554975,23.189829,26.744804,3.983508,12.667538,VALID
2.50,1.5000,3.554975,23.189829,26.744804,3.983508,12.417538,VALID
2.50,1.5500,3.554975,23.189829,26.744804,3.983508,12.167538,VALID
2.50,1.6000,3.554975,23.189829,26.744804,3.983508,11.917538,VALID
2.50,1.6500,3.554975,23.189829,26.744804,3.983508,11.667538,VALID
2.50,1.7000,3.554975,23.189829,26.744804,3.983508,11.417538,VALID
2.50,1.7500,3.554975,23.189829,26.744804,3.983508,11.167538,VALID
2.50,1.8000,3.554975,23.189829,26.744804,3.983508,10.917538,VALID
2.50,1.8500,3.554975,23.189829,26.744804,3.983508,10.667538,VALID
2.50,1.9000,3.554975,23.189829,26.744804,3.983508,10.417538,VALID
2.50,1.9500,3.554975,23.189829,26.744804,3.983508,10.167538,VALID
2.50,2.0000,3.554975,23.189829,26.744804,3.983508,9.917538,VALID
2.50,2.0500,3.554975,23.189829,26.744804,3.983508,9.667538,VALID
2.50,2.1000,3.554975,23.189829,26.744804,3.983508,9.417538,VALID
2.50,2.1500,3.554975,23.189829,26.744804,3.983508,9.167538,VALID
2.50,2.2000,3.554975,23.189829,26.744804,3.983508,8.917538,VALID
3.00,1.4000,3.554975,19.055044,22.610019,3.902724,12.513619,VALID
3.00,1.4500,3.554975,19.055044,22.610019,3.902724,12.263619,VALID
3.00,1.5000,3.554975,19.055044,22.610019,3.902724,12.013619,VALID
3.00,1.5500,3.554975,19.055044,22.610019,3.902724,11.763619,VALID
3.00,1.6000,3.554975,19.055044,22.610019,3.902724,11.513619,VALID
3.00,1.6500,3.554975,19.055044,22.610019,3.902724,11.263619,VALID
3.00,1.7000,3.554975,19.055044,22.610019,3.902724,11.013619,VALID
3.00,1.7500,3.554975,19.055044,22.610019,3.902724,10.763619,VALID
3.00,1.8000,3.554975,19.055044,22.610019,3.902724,10.513619,VALID
3.00,1.8500,3.554975,19.055044,22.610019,3.902724,10.263619,VALID
3.00,1.9000,3.554975,19.055044,22.610019,3.902724,10.013619,VALID
3.00,1.9500,3.554975,19.055044,22.610019,3.902724,9.763619,VALID
3.00,2.0000,3.554975,19.055044,22.610019,3.902724,9.513619,VALID
3.00,2.0500,3.554975,19.055044,22.610019,3.902724,9.263619,VALID
3.00,2.1000,3.554975,19.055044,22.610019,3.902724,9.013619,VALID
3.00,2.1500,3.554975,19.055044,22.610019,3.902724,8.763619,VALID
3.00,2.2000,3.554975,19.055044,22.610019,3.902724,8.513619,VALID
